{
	"info": {
		"_postman_id": "fa6f5e7c-d395-4ea5-a4d4-6ad07af905b9",
		"name": "No SQL",
		"schema": "https://schema.getpostman.com/json/collection/v2.1.0/collection.json"
	},
	"item": [
		{
			"name": "Authorization",
			"item": [
				{
					"name": "Login",
					"request": {
						"method": "POST",
						"header": [],
						"body": {
							"mode": "urlencoded",
							"urlencoded": [
								{
									"key": "email",
									"value": "test@test.nl",
									"type": "text"
								},
								{
									"key": "password",
									"value": "test@test.nl",
									"type": "text"
								}
							]
						},
						"url": {
							"raw": "{{HOST_URL}}/login",
							"host": [
								"{{HOST_URL}}"
							],
							"path": [
								"login"
							]
						}
					},
					"response": []
				},
				{
					"name": "register",
					"request": {
						"method": "POST",
						"header": [],
						"body": {
							"mode": "urlencoded",
							"urlencoded": [
								{
									"key": "email",
									"value": "test@test.nl",
									"type": "text"
								},
								{
									"key": "password",
									"value": "test@test.nl",
									"type": "text"
								}
							]
						},
						"url": {
							"raw": "{{HOST_URL}}/register",
							"host": [
								"{{HOST_URL}}"
							],
							"path": [
								"register"
							]
						}
					},
					"response": []
				}
			]
		},
		{
			"name": "User",
			"item": [
				{
					"name": "Get all",
					"protocolProfileBehavior": {
						"disableBodyPruning": true
					},
					"request": {
						"method": "GET",
						"header": [],
						"body": {
							"mode": "urlencoded",
							"urlencoded": [
								{
									"key": "email",
									"value": "lol@lol.nl",
									"type": "text",
									"disabled": true
								},
								{
									"key": "role",
									"value": "admin",
									"type": "text"
								}
							]
						},
						"url": {
							"raw": "{{HOST_URL}}/users",
							"host": [
								"{{HOST_URL}}"
							],
							"path": [
								"users"
							]
						}
					},
					"response": []
				},
				{
					"name": "Update user",
					"request": {
						"method": "PUT",
						"header": [],
						"body": {
							"mode": "urlencoded",
							"urlencoded": [
								{
									"key": "email",
									"value": "lol@lol.nl",
									"type": "text",
									"disabled": true
								},
								{
									"key": "role",
									"value": "admin",
									"type": "text"
								}
							]
						},
						"url": {
							"raw": "{{HOST_URL}}/users/6250a049cd8acbb245bc54f3",
							"host": [
								"{{HOST_URL}}"
							],
							"path": [
								"users",
								"6250a049cd8acbb245bc54f3"
							]
						}
					},
					"response": []
				},
				{
					"name": "Delete user",
					"request": {
						"method": "DELETE",
						"header": [],
						"body": {
							"mode": "urlencoded",
							"urlencoded": []
						},
						"url": {
							"raw": "{{HOST_URL}}/users/6250a20dcd8acbb245bc5508",
							"host": [
								"{{HOST_URL}}"
							],
							"path": [
								"users",
								"6250a20dcd8acbb245bc5508"
							]
						}
					},
					"response": []
				}
			]
		},
		{
			"name": "Devices",
			"item": [
				{
					"name": "Get all",
					"protocolProfileBehavior": {
						"disableBodyPruning": true
					},
					"request": {
						"method": "GET",
						"header": [],
						"body": {
							"mode": "urlencoded",
							"urlencoded": [
								{
									"key": "email",
									"value": "lol@lol.nl",
									"type": "text",
									"disabled": true
								},
								{
									"key": "role",
									"value": "admin",
									"type": "text"
								}
							]
						},
						"url": {
							"raw": "{{HOST_URL}}/devices",
							"host": [
								"{{HOST_URL}}"
							],
							"path": [
								"devices"
							]
						}
					},
					"response": []
				},
				{
					"name": "Add device",
					"request": {
						"method": "POST",
						"header": [],
						"body": {
							"mode": "urlencoded",
							"urlencoded": [
								{
									"key": "name",
									"value": "Test123",
									"type": "text"
								}
							]
						},
						"url": {
							"raw": "{{HOST_URL}}/devices",
							"host": [
								"{{HOST_URL}}"
							],
							"path": [
								"devices"
							]
						}
					},
					"response": []
				},
				{
					"name": "Update device",
					"request": {
						"method": "PUT",
						"header": [],
						"body": {
							"mode": "urlencoded",
							"urlencoded": [
								{
									"key": "name",
									"value": "aaaaaa",
									"type": "text"
								}
							]
						},
						"url": {
							"raw": "{{HOST_URL}}/devices/6250a6cacd8acbb245bc5527",
							"host": [
								"{{HOST_URL}}"
							],
							"path": [
								"devices",
								"6250a6cacd8acbb245bc5527"
							]
						}
					},
					"response": []
				},
				{
					"name": "Delete device",
					"request": {
						"method": "DELETE",
						"header": [],
						"body": {
							"mode": "urlencoded",
							"urlencoded": []
						},
						"url": {
							"raw": "{{HOST_URL}}/devices/6250a6cacd8acbb245bc5527",
							"host": [
								"{{HOST_URL}}"
							],
							"path": [
								"devices",
								"6250a6cacd8acbb245bc5527"
							]
						}
					},
					"response": []
				}
			]
		},
		{
			"name": "Comments",
			"item": [
				{
					"name": "Get all for app",
					"protocolProfileBehavior": {
						"disableBodyPruning": true
					},
					"request": {
						"method": "GET",
						"header": [],
						"body": {
							"mode": "urlencoded",
							"urlencoded": [
								{
									"key": "email",
									"value": "lol@lol.nl",
									"type": "text",
									"disabled": true
								},
								{
									"key": "role",
									"value": "admin",
									"type": "text"
								}
							]
						},
						"url": {
							"raw": "{{HOST_URL}}/comments?commentId=6197f47ea5263fef1871966f",
							"host": [
								"{{HOST_URL}}"
							],
							"path": [
								"comments"
							],
							"query": [
								{
									"key": "commentId",
									"value": "6197f47ea5263fef1871966f"
								}
							]
						}
					},
					"response": []
				},
				{
					"name": "Add comment",
					"request": {
						"method": "POST",
						"header": [],
						"body": {
							"mode": "urlencoded",
							"urlencoded": [
								{
									"key": "comment",
									"value": "Top appje!",
									"type": "text"
								},
								{
									"key": "username",
									"value": "api@test.nl",
									"type": "text"
								},
								{
									"key": "appId",
									"value": "6197f47ea5263fef1871966f",
									"type": "text"
								}
							]
						},
						"url": {
							"raw": "{{HOST_URL}}/comments",
							"host": [
								"{{HOST_URL}}"
							],
							"path": [
								"comments"
							]
						}
					},
					"response": []
				},
				{
					"name": "Delete comment",
					"request": {
						"method": "DELETE",
						"header": [],
						"body": {
							"mode": "urlencoded",
							"urlencoded": []
						},
						"url": {
							"raw": "{{HOST_URL}}/comments/6250a7dbcd8acbb245bc553e",
							"host": [
								"{{HOST_URL}}"
							],
							"path": [
								"comments",
								"6250a7dbcd8acbb245bc553e"
							]
						}
					},
					"response": []
				}
			]
		},
		{
			"name": "App",
			"item": [
				{
					"name": "Get all",
					"protocolProfileBehavior": {
						"disableBodyPruning": true
					},
					"request": {
						"method": "GET",
						"header": [],
						"body": {
							"mode": "urlencoded",
							"urlencoded": [
								{
									"key": "email",
									"value": "lol@lol.nl",
									"type": "text",
									"disabled": true
								},
								{
									"key": "role",
									"value": "admin",
									"type": "text"
								}
							]
						},
						"url": {
							"raw": "{{HOST_URL}}/apps?nolimit=1",
							"host": [
								"{{HOST_URL}}"
							],
							"path": [
								"apps"
							],
							"query": [
								{
									"key": "nolimit",
									"value": "1"
								}
							]
						}
					},
					"response": []
				},
				{
					"name": "Get single",
					"protocolProfileBehavior": {
						"disableBodyPruning": true
					},
					"request": {
						"method": "GET",
						"header": [],
						"body": {
							"mode": "urlencoded",
							"urlencoded": [
								{
									"key": "email",
									"value": "lol@lol.nl",
									"type": "text",
									"disabled": true
								},
								{
									"key": "role",
									"value": "admin",
									"type": "text"
								}
							]
						},
						"url": {
							"raw": "{{HOST_URL}}/apps/6197f47ea5263fef1871966f",
							"host": [
								"{{HOST_URL}}"
							],
							"path": [
								"apps",
								"6197f47ea5263fef1871966f"
							]
						}
					},
					"response": []
				},
				{
					"name": "Add app",
					"request": {
						"method": "POST",
						"header": [],
						"body": {
							"mode": "urlencoded",
							"urlencoded": [
								{
									"key": "name",
									"value": "test_app",
									"type": "text"
								},
								{
									"key": "description",
									"value": "Hele goeie app, bla bla bla",
									"type": "text"
								},
								{
									"key": "deviceName",
									"value": "Android",
									"type": "text"
								},
								{
									"key": "user_id",
									"value": "6250a049cd8acbb245bc54f3",
									"type": "text"
								},
								{
									"key": "category",
									"value": "Development",
									"type": "text"
								},
								{
									"key": "public",
									"value": "true",
									"type": "text"
								},
								{
									"key": "downloadCount",
									"value": "0",
									"type": "text"
								},
								{
									"key": "icon",
									"value": "data:image/png;base64,iVBORw0KGgoAAAANSUhEUgAAAAgAAAAIAQMAAAD+wSzIAAAABlBMVEX///+/v7+jQ3Y5AAAADklEQVQI12P4AIX8EAgALgAD/aNpbtEAAAAASUVORK5CYII",
									"type": "text"
								}
							]
						},
						"url": {
							"raw": "{{HOST_URL}}/apps",
							"host": [
								"{{HOST_URL}}"
							],
							"path": [
								"apps"
							]
						}
					},
					"response": []
				},
				{
					"name": "Update app",
					"request": {
						"method": "PUT",
						"header": [],
						"body": {
							"mode": "urlencoded",
							"urlencoded": [
								{
									"key": "name",
									"value": "test_app2",
									"type": "text"
								},
								{
									"key": "description",
									"value": "Hele goeie app, bla bla bla",
									"type": "text"
								},
								{
									"key": "deviceName",
									"value": "Android",
									"type": "text"
								},
								{
									"key": "category",
									"value": "Development",
									"type": "text"
								},
								{
									"key": "public",
									"value": "true",
									"type": "text"
								},
								{
									"key": "icon",
									"value": "data:image/png;base64,iVBORw0KGgoAAAANSUhEUgAAAAgAAAAIAQMAAAD+wSzIAAAABlBMVEX///+/v7+jQ3Y5AAAADklEQVQI12P4AIX8EAgALgAD/aNpbtEAAAAASUVORK5CYII",
									"type": "text"
								}
							]
						},
						"url": {
							"raw": "{{HOST_URL}}/apps/6250a9f9cd8acbb245bc555e",
							"host": [
								"{{HOST_URL}}"
							],
							"path": [
								"apps",
								"6250a9f9cd8acbb245bc555e"
							]
						}
					},
					"response": []
				},
				{
					"name": "Delete app",
					"request": {
						"method": "DELETE",
						"header": [],
						"body": {
							"mode": "urlencoded",
							"urlencoded": []
						},
						"url": {
							"raw": "{{HOST_URL}}/apps/6250a9f9cd8acbb245bc555e",
							"host": [
								"{{HOST_URL}}"
							],
							"path": [
								"apps",
								"6250a9f9cd8acbb245bc555e"
							]
						}
					},
					"response": []
				}
			]
		},
		{
			"name": "Relations",
			"item": [
				{
					"name": "Create relation to user",
					"request": {
						"method": "POST",
						"header": [],
						"body": {
							"mode": "urlencoded",
							"urlencoded": []
						},
						"url": {
							"raw": "{{HOST_URL}}/user/relation/6250b5ab4a1ac3eb212cebfd",
							"host": [
								"{{HOST_URL}}"
							],
							"path": [
								"user",
								"relation",
								"6250b5ab4a1ac3eb212cebfd"
							]
						}
					},
					"response": []
				},
				{
					"name": "Get my relations",
					"request": {
						"method": "GET",
						"header": [],
						"url": {
							"raw": "{{HOST_URL}}/user/relations",
							"host": [
								"{{HOST_URL}}"
							],
							"path": [
								"user",
								"relations"
							]
						}
					},
					"response": []
				},
				{
					"name": "Relations who know me",
					"request": {
						"method": "GET",
						"header": [],
						"url": {
							"raw": "{{HOST_URL}}/user/known_by",
							"host": [
								"{{HOST_URL}}"
							],
							"path": [
								"user",
								"known_by"
							]
						}
					},
					"response": []
				},
				{
					"name": "Delete relation to user",
					"request": {
						"method": "DELETE",
						"header": [],
						"url": {
							"raw": "{{HOST_URL}}/user/relation/61ba04ec0e345eab057dcd0d",
							"host": [
								"{{HOST_URL}}"
							],
							"path": [
								"user",
								"relation",
								"61ba04ec0e345eab057dcd0d"
							]
						}
					},
					"response": []
				}
			]
		}
	],
	"auth": {
		"type": "bearer",
		"bearer": [
			{
				"key": "token",
				"value": "eyJhbGciOiJIUzI1NiIsInR5cCI6IkpXVCJ9.eyJ1c2VyX2VtYWlsIjoidGVzdEB0ZXN0Lm5sIiwicm9sZSI6ImFkbWluIiwidXNlcl9pZCI6IjYyNTBhMDQ5Y2Q4YWNiYjI0NWJjNTRmMyIsImlhdCI6MTY0OTQ1OTUxOSwiZXhwIjoxNjQ5NDY2NzE5fQ.QLVzSPi0jZtpKHkxrfPaJ3w3H0itx6tDfX-RjJ4xMM8",
				"type": "string"
			}
		]
	},
	"event": [
		{
			"listen": "prerequest",
			"script": {
				"type": "text/javascript",
				"exec": [
					""
				]
			}
		},
		{
			"listen": "test",
			"script": {
				"type": "text/javascript",
				"exec": [
					""
				]
			}
		}
	],
	"variable": [
		{
			"key": "HOST_URL",
			"value": "http://localhost:8080/api/v1",
			"type": "string"
		}
	]
}